change,mean_revenue
-0.1,109459.99438106644
-0.05,33400.33136662877
0.0,10219.588061874614
0.05,3134.739596032917
0.1,963.5053884162808
